<?xml version="1.0" encoding="UTF-8"?>
<project-private xmlns="http://www.netbeans.org/ns/project-private/1">
    <editor-bookmarks xmlns="http://www.netbeans.org/ns/editor-bookmarks/2" lastBookmarkId="0"/>
    <open-files xmlns="http://www.netbeans.org/ns/projectui-open-files/2">
        <group>
            <file>file:/C:/Users/Dell/Documents/NetBeansProjects/Student_Registeration_Form/src/com/pojos/Student.java</file>
            <file>file:/C:/Users/Dell/Documents/NetBeansProjects/Student_Registeration_Form/src/com/frames/StudentFormFrame.java</file>
            <file>file:/C:/Users/Dell/Documents/NetBeansProjects/Student_Registeration_Form/src/com/frames/ADDFRAME.java</file>
            <file>file:/C:/Users/Dell/Documents/NetBeansProjects/Student_Registeration_Form/src/com/dbManager/dbConnection.java</file>
            <file>file:/C:/Users/Dell/Documents/NetBeansProjects/Student_Registeration_Form/src/com/pojos/DistrictBean.java</file>
            <file>file:/C:/Users/Dell/Documents/NetBeansProjects/Student_Registeration_Form/src/com/DAO/StudentDAO.java</file>
            <file>file:/C:/Users/Dell/Documents/NetBeansProjects/Student_Registeration_Form/src/com/DAO/DistrictBeanDAO.java</file>
            <file>file:/C:/Users/Dell/Documents/NetBeansProjects/Student_Registeration_Form/src/com/frames/MainFrame.java</file>
            <file>file:/C:/Users/Dell/Documents/NetBeansProjects/Student_Registeration_Form/src/com/frames/GetAllFrame.java</file>
            <file>file:/C:/Users/Dell/Documents/NetBeansProjects/Student_Registeration_Form/src/com/frames/DelteFrame.java</file>
            <file>file:/C:/Users/Dell/Documents/NetBeansProjects/Student_Registeration_Form/src/student_registeration_form/Student_Registeration_Form.java</file>
            <file>file:/C:/Users/Dell/Documents/NetBeansProjects/Student_Registeration_Form/src/com/DAOImp/StudentDAOImp.java</file>
            <file>file:/C:/Users/Dell/Documents/NetBeansProjects/Student_Registeration_Form/src/com/DAOImp/DistrictBeanDAOImp.java</file>
        </group>
    </open-files>
</project-private>
